Exp,s,block,cond,mental,physical,temporal,performance,effort,frustration,mean_v.C,mean_v.N,mean_v.Cerr,mean_v.Nerr,mean_v.P,diff.C,diff.N,sum.C,sum.N,sum
E1,1,Control,A,13,2,9,7,7,6,1.267177,1.6186397,0.78292415,-1.07061316,,0.48425285,2.68925286,2.05010115,0.54802654,2.59812769
E1,1,Control,B,13,2,16,6,12,4,1.2449707,1.3670656,0.50896552,-0.99717005,,0.73600518,2.36423565,1.75393622,0.36989555,2.12383177
E1,1,Control,C,8,2,6,10,7,3,1.3163317,2.0531055,1.53883285,-1.23145265,,-0.22250115,3.28455815,2.85516455,0.82165285,3.6768174
E1,1,Control,D,4,2,12,14,13,8,1.3587862,1.5464533,1.040050952,0.4597821,,0.318735248,1.0866712,2.398837152,2.0062354,4.405072552
E1,1,PM,A,16,2,17,10,14,8,1.0904764,1.58400802,0.77998277,-1.99723238,2.5887871,0.31049363,3.5812404,1.87045917,-0.41322436,4.04602191
E1,1,PM,B,15,3,16,9,13,10,1.4225903,1.8019189,1.0711204,0.32351068,2.63785,0.3514699,1.47840822,2.4937107,2.12542958,7.25699028
E1,1,PM,C,14,14,8,12,12,9,1.4400474,1.70603,1.16290467,-0.10595755,3.48583934,0.27714273,1.81198755,2.60295207,1.60007245,7.68886386
E1,1,PM,D,17,3,20,16,16,13,1.8484907,2.1430133,1.369337,1.3052205,1.94341116,0.4791537,0.8377928,3.2178277,3.4482338,8.60947266
E1,2,Control,A,18,1,18,14,17,13,0.7631865,0.912907,0.40771595,-0.7578803,,0.35547055,1.6707873,1.17090245,0.1550267,1.32592915
E1,2,Control,B,14,2,21,16,19,17,0.8505271,1.5319688,0.73613954,-0.15222965,,0.11438756,1.68419845,1.58666664,1.37973915,2.96640579
E1,2,Control,C,14,1,7,9,10,10,0.8260847,1.4954542,0.61446709,-1.9385346,,0.21161761,3.4339888,1.44055179,-0.4430804,0.99747139
E1,2,Control,D,21,4,21,19,21,19,1.9278011,1.762722,1.276567485,1.4452608,,0.651233615,0.3174612,3.204368585,3.2079828,6.412351385
E1,2,PM,A,21,1,19,16,19,15,1.0028777,1.55353637,1.01239245,-0.73897724,2.3255179,-0.00951475,2.29251361,2.01527015,0.81455913,5.15534718
E1,2,PM,B,21,3,21,17,21,17,1.1540387,1.7778352,1.0785879,-1.36135845,2.8225345,0.0754508,3.13919365,2.2326266,0.41647675,5.47163785
E1,2,PM,C,14,1,8,9,6,7,0.9539162,1.666116,0.93669116,-0.94760217,3.21820948,0.01722504,2.61371817,1.89060736,0.71851383,5.82733067
E1,2,PM,D,21,5,21,20,21,21,1.0913014,1.4568755,1.2008407,0.929124,1.24420368,-0.1095393,0.5277515,2.2921421,2.3859995,5.92234528
E1,3,Control,A,12,5,12,14,12,9,1.5231471,1.2709174,0.03837811,-1.5430252,,1.48476899,2.8139426,1.56152521,-0.2721078,1.28941741
E1,3,Control,B,9,8,9,11,9,8,1.6502461,1.4795168,0.23220483,0.077142,,1.41804127,1.4023748,1.88245093,1.5566588,3.43910973
E1,3,Control,C,13,9,12,11,12,9,2.062634,1.3904123,-0.66437137,0.0398779,,2.72700537,1.3505344,1.39826263,1.4302902,2.82855283
E1,3,Control,D,12,8,14,11,11,10,1.968736,1.5987329,0.615894807,0.9871213,,1.352841193,0.6116116,2.584630807,2.5858542,5.170485007
E1,3,PM,A,11,8,9,15,12,10,1.9492219,1.81307694,-0.02123558,-0.4025604,2.945041,1.97045748,2.21563734,1.92798632,1.41051654,6.28354386
E1,3,PM,B,14,9,12,12,11,11,2.0235178,1.4203336,0.2667297,0.98048905,1.6595611,1.7567881,0.43984455,2.2902475,2.40082265,6.35063125
E1,3,PM,C,14,9,13,11,13,10,1.6731512,1.492272,0.1092794,0.78293214,2.52129931,1.5638718,0.70933986,1.7824306,2.27520414,6.57893405
E1,3,PM,D,16,9,16,9,13,10,2.0216094,1.7132042,0.8853327,1.176362,0.4654363,1.1362767,0.5368422,2.9069421,2.8895662,6.2619446
E1,4,Control,A,15,1,1,11,15,4,1.1847185,1.650058,0.511416,0.75634213,,0.6733025,0.89371587,1.6961345,2.40640013,4.10253463
E1,4,Control,B,18,5,12,12,19,12,1.618648,1.8143029,1.33795266,1.23837498,,0.28069534,0.57592792,2.95660066,3.05267788,6.00927854
E1,4,Control,C,14,5,11,10,18,9,1.1188241,0.921689,0.27878873,0.74540209,,0.84003537,0.17628691,1.39761283,1.66709109,3.06470392
E1,4,Control,D,11,1,9,7,16,5,1.4415088,1.6268362,1.268210528,0.8297565,,0.173298272,0.7970797,2.709719328,2.4565927,5.166312028
E1,4,PM,A,19,9,7,9,18,5,1.639451,1.6210092,0.94610105,1.06199732,2.4757052,0.69334995,0.55901188,2.58555205,2.68300652,7.74426377
E1,4,PM,B,20,4,7,10,21,13,1.4659734,1.5159986,0.9498515,1.17605111,1.3927032,0.5161219,0.33994749,2.4158249,2.69204971,6.50057781
E1,4,PM,C,17,7,13,11,17,7,1.37377,1.36807,1.12937575,0.85180151,1.83371133,0.24439425,0.51626849,2.50314575,2.21987151,6.55672859
E1,4,PM,D,21,15,21,1,21,11,0.7451692,1.1115153,0.765233,0.3607725,0.38660747,-0.0200638,0.7507428,1.5104022,1.4722878,3.36929747
E1,5,Control,A,8,3,11,15,12,5,1.3019206,1.4904829,0.34392979,-0.4018536,,0.95799081,1.8923365,1.64585039,1.0886293,2.73447969
E1,5,Control,B,13,8,14,15,12,14,1.414021,1.3648812,0.75209028,0.43674428,,0.66193072,0.92813692,2.16611128,1.80162548,3.96773676
E1,5,Control,C,16,10,15,16,14,15,1.3808438,1.2985879,0.73063809,0.54323177,,0.65020571,0.75535613,2.11148189,1.84181967,3.95330156
E1,5,Control,D,13,9,14,9,14,13,1.732375,1.7504817,1.35184812,1.3739704,,0.38052688,0.3765113,3.08422312,3.1244521,6.20867522
E1,5,PM,A,10,7,11,7,12,11,1.2132696,1.54902358,0.99159219,0.11878205,1.7345834,0.22167741,1.43024153,2.20486179,1.66780563,5.60725082
E1,5,PM,B,15,14,17,12,9,14,1.6381363,1.6497011,0.8905568,1.07612854,2.2095662,0.7475795,0.57357256,2.5286931,2.72582964,7.46408894
E1,5,PM,C,13,9,5,13,14,17,1.5698001,1.574254,0.85936197,1.1295426,2.46269245,0.71043813,0.4447114,2.42916207,2.7037966,7.59565112
E1,5,PM,D,15,13,18,14,13,16,1.7494801,1.6516432,1.4215999,1.4484436,1.527718,0.3278802,0.2031996,3.17108,3.1000868,7.7988848
E1,6,Control,A,19,21,16,12,17,7,1.2080222,0.7054305,0.21911984,0.79283585,,0.98890236,-0.08740535,1.42714204,1.49826635,2.92540839
E1,6,Control,B,8,11,5,11,4,2,0.9884717,0.6952965,0.16830588,0.49617024,,0.82016582,0.19912626,1.15677758,1.19146674,2.34824432
E1,6,Control,C,9,12,10,11,9,6,1.2629368,0.7535933,0.51427121,1.0000293,,0.74866559,-0.246436,1.77720801,1.7536226,3.53083061
E1,6,Control,D,13,18,19,12,13,6,1.5778646,1.1664739,1.006176417,1.3260998,,0.571688183,-0.1596259,2.584041017,2.4925737,5.076614717
E1,6,PM,A,13,13,11,11,12,6,1.6008616,0.91791123,0.67508714,1.2535346,1.8258783,0.92577446,-0.33562337,2.27594874,2.17144583,6.27327287
E1,6,PM,B,7,12,9,11,7,2,1.8794279,0.8701087,0.3548136,1.63115504,2.060943,1.5246143,-0.76104634,2.2342415,2.50126374,6.79644824
E1,6,PM,C,9,11,8,11,5,3,1.8315304,1.085079,0.87969216,1.58549272,2.14795327,0.95183824,-0.50041372,2.71122256,2.67057172,7.52974755
E1,6,PM,D,12,13,18,12,13,6,2.3493649,1.7922957,1.4196553,2.3159115,1.85933178,0.9297096,-0.5236158,3.7690202,4.1082072,9.73655918
E1,7,Control,A,15,4,15,16,15,16,1.4470933,0.9453882,0.89163235,1.05083946,,0.55546095,-0.10545126,2.33872565,1.99622766,4.33495331
E1,7,Control,B,18,10,18,14,19,20,1.4419148,1.1960652,0.64970373,0.76342512,,0.79221107,0.43264008,2.09161853,1.95949032,4.05110885
E1,7,Control,C,15,11,15,9,17,11,1.5044654,1.6634139,1.30300718,1.15798923,,0.20145822,0.50542467,2.80747258,2.82140313,5.62887571
E1,7,Control,D,17,8,17,17,17,16,1.81719,1.6443406,1.542113776,1.5774337,,0.275076224,0.0669069,3.359303776,3.2217743,6.581078076
E1,7,PM,A,16,4,11,8,11,13,1.2663655,1.34425244,0.89692148,0.83028106,1.6643568,0.36944402,0.51397138,2.16328698,2.1745335,6.00217728
E1,7,PM,B,18,5,20,14,20,17,0.9293888,1.2069562,0.9539736,0.55120747,2.2744618,-0.0245848,0.65574873,1.8833624,1.75816367,5.91598787
E1,7,PM,C,10,6,9,10,15,14,1.0830077,1.332667,0.95118886,0.94822133,2.60638391,0.13181884,0.38444567,2.03419656,2.28088833,6.9214688
E1,7,PM,D,19,14,20,17,20,19,1.6951579,1.710565,1.4304097,1.6193045,2.31443244,0.2647482,0.0912605,3.1255676,3.3298695,8.76986954
E1,8,Control,A,9.5,9.5,6.5,12.5,9.5,9.5,1.5437473,1.2631153,-0.81489605,1.24784439,,2.35864335,0.01527091,0.72885125,2.51095969,3.23981094
E1,8,Control,B,10.5,10.5,14.5,13.5,12.5,7.5,1.5067764,1.6940853,-1.32216755,0.93691054,,2.82894395,0.75717476,0.18460885,2.63099584,2.81560469
E1,8,Control,C,8.5,8.5,8.5,11.5,11.5,11.5,1.5332901,2.2529595,-0.07326879,0.33651102,,1.60655889,1.91644848,1.46002131,2.58947052,4.04949183
E1,8,Control,D,8.5,6.5,5.5,17.5,7.5,3.5,1.6264725,2.4002145,-0.062901788,0.2969429,,1.689374288,2.1032716,1.563570712,2.6971574,4.260728112
E1,8,PM,A,16.5,16.5,11.5,10,15.5,15,1.6061315,1.74550228,-0.32719982,1.37515745,2.3447779,1.93333132,0.37034483,1.27893168,3.12065973,6.74436931
E1,8,PM,B,13.5,13.5,14.5,11.5,14.5,11.5,2.2160116,2.297137,0.9101549,1.6811785,2.1697847,1.3058567,0.6159585,3.1261665,3.9783155,9.2742667
E1,8,PM,C,11.5,11.5,10.5,10.5,10.5,8.5,1.7954698,1.86977,-0.05898709,1.31400861,1.74087152,1.85445689,0.55576139,1.73648271,3.18377861,6.66113284
E1,8,PM,D,6.5,6.5,14,12.5,12,5.5,2.6514476,2.6852654,0.4297133,1.9406711,1.47487414,2.2217343,0.7445943,3.0811609,4.6259365,9.18197154
E1,9,Control,A,11,1,9,7,9,7,1.0205868,0.95443,0.28932557,0.27281671,,0.73126123,0.68161329,1.30991237,1.22724671,2.53715908
E1,9,Control,B,6.5,1.5,9.5,6.5,5.5,2.5,1.2106626,1.3470443,0.72290318,0.33647055,,0.48775942,1.01057375,1.93356578,1.68351485,3.61708063
E1,9,Control,C,4,1,3,5,3,2,1.1087571,1.0902574,0.22933686,0.12037424,,0.87942024,0.96988316,1.33809396,1.21063164,2.5487256
E1,9,Control,D,6,1,20,14,14,4,0.8872095,1.4855493,0.985037302,-0.4070935,,-0.097827802,1.8926428,1.872246802,1.0784558,2.950702602
E1,9,PM,A,10,1,1,3,10,11,1.3381443,1.3366605,0.51190655,0.20545387,1.5084883,0.82623775,1.13120663,1.85005085,1.54211437,4.90065352
E1,9,PM,B,10.5,1.5,11,9,11,6,1.3988879,1.3751762,0.9212817,0.82895077,1.5125308,0.4776062,0.54622543,2.3201696,2.20412697,6.03682737
E1,9,PM,C,11,1,11,9,11,5,1.4798694,1.161645,0.44957583,0.75464102,1.33553659,1.03029357,0.40700398,1.92944523,1.91628602,5.18126784
E1,9,PM,D,14,3,20,16,15,11,1.7489853,1.3598096,1.0136821,1.1326466,1.73172058,0.7353032,0.227163,2.7626674,2.4924562,6.98684418
E1,10,Control,A,13,10,8,8,10,1,0.5907989,0.7630791,0.39333765,-0.2183281,,0.19746125,0.9814072,0.98413655,0.544751,1.52888755
E1,10,Control,B,15,8,12,9,13,1,0.8118632,0.9123929,0.19606948,0.20571671,,0.61579372,0.70667619,1.00793268,1.11810961,2.12604229
E1,10,Control,C,13,11,11,14,16,1,0.910952,0.9544736,0.18664794,0.29823689,,0.72430406,0.65623671,1.09759994,1.25271049,2.35031043
E1,10,Control,D,17,16,15,6,14,1,0.9206471,1.3501042,0.565382976,0.6196984,,0.355264124,0.7304058,1.486030076,1.9698026,3.455832676
E1,10,PM,A,17,11,11,9,12,1,1.1143339,1.53433786,1.04264479,0.79185144,1.3143287,0.07168911,0.74248642,2.15697869,2.3261893,5.79749669
E1,10,PM,B,20,13,18,12,11,4,0.8542524,2.0236504,1.6279058,0.61584376,1.4032833,-0.7736534,1.40780664,2.4821582,2.63949416,6.52493566
E1,10,PM,C,18,12,14,10,11,4,1.1683173,1.683068,1.32115964,0.72555547,1.33031122,-0.15284234,0.95751253,2.48947694,2.40862347,6.22841163
E1,10,PM,D,19,20,21,17,20,7,0.6610171,1.725855,1.3830477,0.4766396,0.96744453,-0.7220306,1.2492154,2.0440648,2.2024946,5.21400393
E1,11,Control,A,15,8,7,13,11,13,0.9434637,0.8542821,0.51987313,0.52268361,,0.42359057,0.33159849,1.46333683,1.37696571,2.84030254
E1,11,Control,B,16,8,20,11,20,21,1.0144325,1.0846286,0.78170895,0.94800824,,0.23272355,0.13662036,1.79614145,2.03263684,3.82877829
E1,11,Control,C,15,9,11,11,13,10,0.931947,1.1609138,0.66388514,0.60923118,,0.26806186,0.55168262,1.59583214,1.77014498,3.36597712
E1,11,Control,D,18,11,19,9,19,20,1.7955149,1.6946737,1.325183007,1.7520929,,0.470331893,-0.0574192,3.120697907,3.4467666,6.567464507
E1,11,PM,A,17,13,11,11,11,10,1.0841728,1.10254753,0.75221278,0.54570042,-0.6014965,0.33196002,0.55684711,1.83638558,1.64824795,2.88313703
E1,11,PM,B,21,13,21,7,18,21,1.1594059,1.1919331,0.9062277,0.88485926,-0.3593518,0.2531782,0.30707384,2.0656336,2.07679236,3.78307416
E1,11,PM,C,18,13,11,10,15,13,1.1878429,1.428287,1.01862784,0.87443986,-0.75136831,0.16921506,0.55384714,2.20647074,2.30272686,3.75782929
E1,11,PM,D,19,12,21,7,17,21,2.1649412,1.7018432,1.4666151,2.1341738,-0.98964194,0.6983261,-0.4323306,3.6315563,3.836017,6.47793136
E1,12,Control,A,12,1,6,8,1,1,1.5245445,0.8658232,0.43186317,1.1870237,,1.09268133,-0.3212005,1.95640767,2.0528469,4.00925457
E1,12,Control,B,18,1,20,11,17,3,1.5229288,1.6748509,1.11830573,1.26737566,,0.40462307,0.40747524,2.64123453,2.94222656,5.58346109
E1,12,Control,C,14,1,5,12,10,1,1.5497267,1.5512313,1.03733502,1.51763698,,0.51239168,0.03359432,2.58706172,3.06886828,5.65593
E1,12,Control,D,20,1.5,20,3,20,2,2.1494422,2.0246671,1.335023594,1.7876993,,0.814418606,0.2369678,3.484465794,3.8123664,7.296832194
E1,12,PM,A,16,1,6,5,2,5,1.4145873,0.62394847,0.26027991,1.28126254,2.3860348,1.15430739,-0.65731407,1.67486721,1.90521101,5.96611302
E1,12,PM,B,20,1,20,9,19,4,1.5727765,1.6786735,1.0729109,1.08841174,1.3718335,0.4998656,0.59026176,2.6456874,2.76708524,6.78460614
E1,12,PM,C,14,1,12,13,8,1,2.0581286,1.810717,1.12315717,1.79445737,1.82680033,0.93497143,0.01625963,3.18128577,3.60517437,8.61326047
E1,12,PM,D,20,1,19,4,18,2,2.335388,2.273927,1.8669043,2.2228629,3.2532157,0.4684837,0.0510641,4.2022923,4.4967899,11.9522979
E1,13,Control,A,18,2,19,15,19,14,0.6169948,0.6718736,0.48464681,0.73021921,,0.13234799,-0.05834561,1.10164161,1.40209281,2.50373442
E1,13,Control,B,17,2,18,9,16,9,1.1545067,0.9208491,0.39119162,0.98085007,,0.76331508,-0.06000097,1.54569832,1.90169917,3.44739749
E1,13,Control,C,16,2,19,11,16,13,0.6838764,1.1126925,0.43559174,0.43227576,,0.24828466,0.68041674,1.11946814,1.54496826,2.6644364
E1,13,Control,D,21,2,21,16,20,14,1.8883482,1.5099594,0.780654105,2.1961599,,1.107694095,-0.6862005,2.669002305,3.7061193,6.375121605
E1,13,PM,A,19,2,17,7,16,11,1.1185805,1.05983037,0.69705947,1.0646646,3.3726461,0.42152103,-0.00483423,1.81563997,2.12449497,7.31278104
E1,13,PM,B,18,2,17,9,17,13,1.454434,1.3020813,0.9582155,1.39269837,4.1237824,0.4962185,-0.09061707,2.4126495,2.69477967,9.23121157
E1,13,PM,C,20,2,21,15,20,14,0.8940636,1.049024,0.77174968,0.87338711,1.65176301,0.12231392,0.17563689,1.66581328,1.92241111,5.2399874
E1,13,PM,D,21,2,21,17,21,14,1.4865512,1.4607549,1.2889842,1.3310735,0.53555625,0.197567,0.1296814,2.7755354,2.7918284,6.10292005
E1,14,Control,A,4,1,1,4,7,1,1.0576422,1.4395202,0.68850373,-1.52207271,,0.36913847,2.96159291,1.74614593,-0.08255251,1.66359342
E1,14,Control,B,11,3,14,7,16,2,1.2154734,1.531353,0.52554666,-0.34997509,,0.68992674,1.88132809,1.74102006,1.18137791,2.92239797
E1,14,Control,C,17,5,18,5,18,16,1.0244441,1.1414827,0.27009007,0.14192829,,0.75435403,0.99955441,1.29453417,1.28341099,2.57794516
E1,14,Control,D,15,4,16,7,18,5,0.7171875,2.0280226,1.229986388,-1.5381966,,-0.512798888,3.5662192,1.947173888,0.489826,2.436999888
E1,14,PM,A,4,1,1,3,1,0.5,1.0540738,1.60872805,0.72920084,-1.65695008,2.5163863,0.32487296,3.26567813,1.78327464,-0.04822203,4.25143891
E1,14,PM,B,14,2,11,5,14,2,1.17598,1.9405466,0.9057336,0.23095976,2.3461533,0.2702464,1.70958684,2.0817136,2.17150636,6.59937326
E1,14,PM,C,19,7,21,7,19,11,1.2051564,1.328483,0.69462482,0.26936216,2.28482468,0.51053158,1.05912084,1.89978122,1.59784516,5.78245106
E1,14,PM,D,18,4,21,9,19,3,1.4725138,2.3692415,1.1753055,0.8020286,2.26480863,0.2972083,1.5672129,2.6478193,3.1712701,8.08389803
E1,15,Control,A,11,3,11,13,5,17,0.9649201,1.0669733,0.40698943,0.19103276,,0.55793067,0.87594054,1.37190953,1.25800606,2.62991559
E1,15,Control,B,11,3,13,12,3,16,0.8367662,1.3915721,0.79591008,0.09181429,,0.04085612,1.29975781,1.63267628,1.48338639,3.11606267
E1,15,Control,C,4,1,11,11,3,17,0.9981493,1.2480556,0.82573444,-0.08766153,,0.17241486,1.33571713,1.82388374,1.16039407,2.98427781
E1,15,Control,D,21,3,21,11,3,16,1.8458701,1.6128675,1.0603312,1.1800596,,0.7855389,0.4328079,2.9062013,2.7929271,5.6991284
E1,15,PM,A,16,3,15,17,3,19,1.3231778,1.30391616,0.7293528,0.51389309,2.6107086,0.593825,0.79002307,2.0525306,1.81780925,6.48104845
E1,15,PM,B,14,3,15,14,3.5,18.5,1.3260686,1.778985,1.0497465,0.85393727,2.587593,0.2763221,0.92504773,2.3758151,2.63292227,7.59633037
E1,15,PM,C,15,3,17,13,11,18,1.2981736,1.644864,1.10935301,0.73086194,1.85158123,0.18882059,0.91400206,2.40752661,2.37572594,6.63483378
E1,15,PM,D,21,2,21,19.5,11,21,1.1175732,1.2241638,0.8324167,0.7589639,1.11912862,0.2851565,0.4651999,1.9499899,1.9831277,5.05224622
E1,16,Control,A,17,17,19,11,17,12,1.3221538,1.75763,0.96884291,0.71080418,,0.35331089,1.04682582,2.29099671,2.46843418,4.75943089
E1,16,Control,B,11,11,16,7,11,6,1.1921707,1.9788254,1.2158637,1.1426999,,-0.023693,0.8361255,2.4080344,3.1215253,5.5295597
E1,16,Control,C,16,16,18,14,12,4,1.2744911,1.5022278,0.83741191,1.13508556,,0.43707919,0.36714224,2.11190301,2.63731336,4.74921637
E1,16,Control,D,18,18,21,17,16,18,1.5845011,1.8600852,0.604673595,1.0596873,,0.979827505,0.8003979,2.189174695,2.9197725,5.108947195
E1,16,PM,A,13,13,12,9,11,10,1.1869514,1.40749038,0.67412172,0.87063464,4.4784429,0.51282968,0.53685574,1.86107312,2.27812502,8.61764104
E1,16,PM,B,18,18,21,6,18,18,1.3228872,1.6804162,1.0311824,0.86181162,3.3303951,0.2917048,0.81860458,2.3540696,2.54222782,8.22669252
E1,16,PM,C,18,19,15,16,10,10,1.5225115,1.931526,1.24095388,1.19866062,3.47366057,0.28155762,0.73286538,2.76346538,3.13018662,9.36731257
E1,16,PM,D,18,18,21,19,9,16,1.311158,2.1342995,1.1010279,0.9313298,4.48303492,0.2101301,1.2029697,2.4121859,3.0656293,9.96085012
E1,18,Control,A,9,1,8,10,7,6,0.9523508,1.4906983,0.12236921,-1.9381806,,0.82998159,3.4288789,1.07472001,-0.4474823,0.62723771
E1,18,Control,B,12,1,8,14,14,11,0.8589242,1.5769174,0.53524161,-0.1290231,,0.32368259,1.7059405,1.39416581,1.4478943,2.84206011
E1,18,Control,C,12,1,11,14,13,5,1.1268221,1.4286678,0.2707611,0.18312054,,0.856061,1.24554726,1.3975832,1.61178834,3.00937154
E1,18,Control,D,14,1,16,14,16,10,1.98731,1.8399028,1.827795055,1.653805,,0.159514945,0.1860978,3.815105055,3.4937078,7.308812855
E1,18,PM,A,15,1,14,17,16,10,1.1272126,1.47763,0.55111899,-0.18358795,-0.2848868,0.57609361,1.66121795,1.67833159,1.29404205,2.68748684
E1,18,PM,B,15,1,16,16,15,12,1.5713243,1.7042473,1.1182209,1.09472736,1.1103281,0.4531034,0.60951994,2.6895452,2.79897466,6.59884796
E1,18,PM,C,16,1,18,18,18,18,1.2915388,1.584423,0.86324132,0.85665733,1.9311872,0.42829748,0.72776567,2.15478012,2.44108033,6.52704765
E1,18,PM,D,20,1,20,20,20,20,2.2932323,2.616193,2.3567045,2.0838449,2.63655616,-0.0634722,0.5323481,4.6499368,4.7000379,11.98653086
E1,19,Control,A,13,1,10,12,13,2,0.7662054,2.0348742,0.57216426,-0.72860469,,0.19404114,2.76347889,1.33836966,1.30626951,2.64463917
E1,19,Control,B,13,1,10,12,13,2,1.0326272,2.023293,0.91756022,0.28033613,,0.11506698,1.74295687,1.95018742,2.30362913,4.25381655
E1,19,Control,C,11,1,8,12,11,2,1.0050143,1.4471027,0.40359939,-0.58214811,,0.60141491,2.02925081,1.40861369,0.86495459,2.27356828
E1,19,Control,D,13,1,10,11,13,3,1.3484644,1.5585949,0.523738205,1.0271475,,0.824726195,0.5314474,1.872202605,2.5857424,4.457945005
E1,19,PM,A,13,1,5,12,13,2,1.2469701,1.70319862,0.7974971,0.22233984,2.8442935,0.449473,1.48085878,2.0444672,1.92553846,6.81429916
E1,19,PM,B,11,1,13,11,12,2,1.2658687,2.080156,0.9786293,0.12703222,4.0283924,0.2872394,1.95312378,2.244498,2.20718822,8.48007862
E1,19,PM,C,12,1,7,12,12,1,0.9401298,1.88978,0.84165162,-1.15871175,4.16546497,0.09847818,3.04849175,1.78178142,0.73106825,6.67831464
E1,19,PM,D,15,1,14,10,15,2,0.8362729,1.8091302,1.0256573,-1.0469955,3.30563594,-0.1893844,2.8561257,1.8619302,0.7621347,5.92970084
E1,20,Control,A,14.5,3.5,5.5,7.5,14.5,11.5,0.797499,1.2798321,0.4233898,-1.83245158,,0.3741092,3.11228368,1.2208888,-0.55261948,0.66826932
E1,20,Control,B,14.5,5.5,14.5,13.5,13.5,10.5,1.1482058,1.3731914,0.59803448,-0.29875856,,0.55017132,1.67194996,1.74624028,1.07443284,2.82067312
E1,20,Control,C,13.5,4.5,8.5,13.5,13.5,11.5,1.0749139,1.4897436,0.51294303,-1.69704686,,0.56197087,3.18679046,1.58785693,-0.20730326,1.38055367
E1,20,Control,D,18.5,6.5,17.5,5.5,16.5,14.5,1.1778723,1.2347696,0.269721054,-1.6790686,,0.908151246,2.9138382,1.447593354,-0.444299,1.003294354
E1,20,PM,A,15.5,8.5,8.5,8.5,14.5,12.5,1.2117987,1.71477393,0.71778822,-0.03361146,3.5280248,0.49401048,1.74838539,1.92958692,1.68116247,7.13877419
E1,20,PM,B,15.5,6.5,15.5,12.5,16,11.5,1.4204413,1.8768562,1.0187676,0.10929956,3.7731675,0.4016737,1.76755664,2.4392089,1.98615576,8.19853216
E1,20,PM,C,16.5,6.5,13.5,9.5,16.5,12.5,1.2759579,1.710516,0.95726735,-1.47870261,3.94690108,0.31869055,3.18921861,2.23322525,0.23181339,6.41193972
E1,20,PM,D,20.5,13.5,20.5,14.5,17.5,18.5,1.0905361,1.259055,0.5688977,0.5295409,-3.21895909,0.5216384,0.7295141,1.6594338,1.7885959,0.22907061
E1,21,Control,A,6,1,7,15,11,3,1.1132512,1.8951527,0.97714567,0.22476612,,0.13610553,1.67038658,2.09039687,2.11991882,4.21031569
E1,21,Control,B,4,1,3,17,13,3,1.0940252,1.7880853,1.31567612,0.85756871,,-0.22165092,0.93051659,2.40970132,2.64565401,5.05535533
E1,21,Control,C,6,1,5,15,3,1,1.4519772,2.0315079,0.96636054,-0.08738084,,0.48561666,2.11888874,2.41833774,1.94412706,4.3624648
E1,21,Control,D,9,1,11,13,10,5,1.5139952,2.6449676,2.047437415,0.9483615,,-0.533442215,1.6966061,3.561432615,3.5933291,7.154761715
E1,21,PM,A,9,1,4,14,5,1,1.0270287,1.84515353,1.04161719,0.52180453,2.3813563,-0.01458849,1.323349,2.06864589,2.36695806,6.81696025
E1,21,PM,B,4,1,4,15,5,4,1.3033118,1.9673776,1.3261022,0.91229438,2.261193,-0.0227904,1.05508322,2.629414,2.87967198,7.77027898
E1,21,PM,C,7,1,3,13,4,3,1.3517465,1.634741,0.88930507,-0.99155535,2.32732295,0.46244143,2.62629635,2.24105157,0.64318565,5.21156017
E1,21,PM,D,11,1,11,14,11,7,1.8703349,2.1941333,1.9262672,1.6752742,2.89886134,-0.0559323,0.5188591,3.7966021,3.8694075,10.56487094
E1,22,Control,A,10,8,10,6,12,8,1.8528709,1.4008339,1.11775257,-0.06726761,,0.73511833,1.46810151,2.97062347,1.33356629,4.30418976
E1,22,Control,B,11,6,10,6,13,7,1.6950067,1.7926342,1.03214205,0.34340127,,0.66286465,1.44923293,2.72714875,2.13603547,4.86318422
E1,22,Control,C,11,11,6,6,11,7,1.8398072,1.4051814,0.51887598,0.50901234,,1.32093122,0.89616906,2.35868318,1.91419374,4.27287692
E1,22,Control,D,14,3,15,6,13,4,1.3038049,2.0970567,1.262957751,0.4206314,,0.040847149,1.6764253,2.566762651,2.5176881,5.084450751
E1,22,PM,A,15,13,7,5,7,5,1.6819898,1.82537106,1.12212207,0.47105018,2.5040742,0.55986773,1.35432088,2.80411187,2.29642124,7.60460731
E1,22,PM,B,14,15,7,8,14,8,1.9391559,1.9203075,1.1584788,0.80996205,1.7071349,0.7806771,1.11034545,3.0976347,2.73026955,7.53503915
E1,22,PM,C,12,12,10,9,11,8,1.6568234,2.030527,1.1921458,0.2866311,0.6344217,0.4646776,1.7438959,2.8489692,2.3171581,5.800549
E1,22,PM,D,18,8,19,17,17,15,1.630842,2.0018292,1.2268746,0.6603977,0.98267501,0.4039674,1.3414315,2.8577166,2.6622269,6.50261851
E1,23,Control,A,14,11,15,11,13,4,1.0938719,1.3351258,0.20316076,0.5116727,,0.89071114,0.8234531,1.29703266,1.8467985,3.14383116
E1,23,Control,B,11,1,6,15,14,3,1.1646236,1.1724869,0.15261317,0.84539032,,1.01201043,0.32709658,1.31723677,2.01787722,3.33511399
E1,23,Control,C,11,1,11,11,13,3,1.0708556,1.3337067,0.72991605,0.59539827,,0.34093955,0.73830843,1.80077165,1.92910497,3.72987662
E1,23,Control,D,15,1,16,6,16,5,1.3727766,1.402153,1.184001627,1.2217652,,0.188774973,0.1803878,2.556778227,2.6239182,5.180696427
E1,23,PM,A,17,2,9,14,8,5,1.442669,1.39915927,0.72559259,1.01710329,2.5131177,0.71707641,0.38205598,2.16826159,2.41626256,7.09764185
E1,23,PM,B,18,3,16,9,15,4,1.3642594,1.6444261,0.8405582,1.03595439,2.1083717,0.5237012,0.60847171,2.2048176,2.68038049,6.99356979
E1,23,PM,C,14,2,14,11,16,5,1.4685647,1.475165,0.86474084,1.18098411,2.18340915,0.60382386,0.29418089,2.33330554,2.65614911,7.1728638
E1,23,PM,D,19,1,19,4,18,6,1.0549385,1.8536208,1.5855681,0.7344461,1.09755103,-0.5306296,1.1191747,2.6405066,2.5880669,6.32612453
E1,24,Control,A,11.5,11.5,10.5,13.5,11.5,10.5,1.1763557,1.1204978,-0.12577923,0.84793745,,1.30213493,0.27256035,1.05057647,1.96843525,3.01901172
E1,24,Control,B,12.5,13.5,14.5,11.5,14.5,12.5,1.3669163,1.4623271,0.29591921,0.64635801,,1.07099709,0.81596909,1.66283551,2.10868511,3.77152062
E1,24,Control,C,12.5,11.5,10.5,12,12.5,11.5,1.3996046,1.419971,0.26752157,0.63158438,,1.13208303,0.78838662,1.66712617,2.05155538,3.71868155
E1,24,Control,D,17.5,11.5,18.5,11.5,15.5,13.5,1.6862008,2.1165478,0.9885692,0.7531999,,0.6976316,1.3633479,2.67477,2.8697477,5.5445177
E1,24,PM,A,9.5,9.5,7.5,14.5,8.5,16.5,1.60074,1.53345636,0.12958096,0.82243194,3.6609615,1.47115904,0.71102442,1.73032096,2.3558883,7.74717076
E1,24,PM,B,13.5,13.5,12.5,11.5,13.5,12.5,1.7568004,1.7794636,0.6726166,0.8067597,3.4802957,1.0841838,0.9727039,2.429417,2.5862233,8.495936
E1,24,PM,C,13.5,13.5,13.5,11,12.5,12.5,1.3922449,1.421496,-0.24461693,0.76956587,3.10240327,1.63686183,0.65193013,1.14762797,2.19106187,6.44109311
E1,24,PM,D,17.5,14.5,18.5,10.5,15.5,14.5,2.0403387,2.4996397,1.8721296,1.3079263,4.61226506,0.1682091,1.1917134,3.9124683,3.807566,12.33229936
E1,25,Control,A,9,2,1,9,6,7,1.5139299,2.4907023,-1.21385213,-2.02252428,,2.72778203,4.51322658,0.30007777,0.46817802,0.76825579
E1,25,Control,B,10,1,11,12,6,8,1.5341719,2.194921,0.03077819,-0.07623176,,1.50339371,2.27115276,1.56495009,2.11868924,3.68363933
E1,25,Control,C,6,1,1,7,5,4,1.7681845,2.1059069,-1.20418645,0.04171077,,2.97237095,2.06419613,0.56399805,2.14761767,2.71161572
E1,25,Control,D,13,3,18,9,10,10,2.9332459,2.4312094,0.002233046,1.3239627,,2.931012854,1.1072467,2.935478946,3.7551721,6.690651046
E1,25,PM,A,14,2,9,11,13,7,1.7538888,2.10345598,-0.309918,0.34189558,3.5380619,2.0638068,1.7615604,1.4439708,2.44535156,7.42738426
E1,25,PM,B,17,4,13,16,13,14,2.0748843,2.8182822,0.678963,0.81727987,4.0098901,1.3959213,2.00100233,2.7538473,3.63556207,10.39929947
E1,25,PM,C,9,3,1,10,12,10,2.3832861,2.122031,0.37088398,0.88663168,3.61489148,2.01240212,1.23539932,2.75417008,3.00866268,9.37772424
E1,25,PM,D,19,8,21,19,15,18,1.9871943,2.1396911,0.8590298,1.3539045,1.49201873,1.1281645,0.7857866,2.8462241,3.4935956,7.83183843
E1,26,Control,A,15.5,14.5,16.5,12.5,11.5,11.5,1.1829555,1.3177006,-0.19880073,1.02610899,,1.38175623,0.29159161,0.98415477,2.34380959,3.32796436
E1,26,Control,B,15.5,15.5,18.5,11.5,10.5,10.5,1.431827,1.8452525,0.51948048,0.74561642,,0.91234652,1.09963608,1.95130748,2.59086892,4.5421764
E1,26,Control,C,12.5,12.5,6.5,6.5,5.5,5.5,0.7881294,1.7103784,0.36122837,-1.59830475,,0.42690103,3.30868315,1.14935777,0.11207365,1.26143142
E1,26,Control,D,17.5,17.5,19.5,13.5,15.5,15.5,1.6562203,2.14324,1.193825498,0.2184003,,0.462394802,1.9248397,2.850045798,2.3616403,5.211686098
E1,26,PM,A,15.5,12.5,19.5,12.5,17.5,18.5,0.637518,1.43785987,0.59097858,-1.19614707,3.1548185,0.04653942,2.63400694,1.22849658,0.2417128,4.62502788
E1,26,PM,B,17.5,17.5,20.5,14.5,18.5,18.5,1.2778666,1.7809315,0.6958768,0.57926616,3.7390034,0.5819898,1.20166534,1.9737434,2.36019766,8.07294446
E1,26,PM,C,14.5,14.5,8.5,6.5,10.5,10.5,1.3004664,1.757007,0.95582843,0.28707266,3.4868849,0.34463797,1.46993434,2.25629483,2.04407966,7.78725939
E1,26,PM,D,20.5,20.5,20.5,17.5,17.5,18.5,1.2697848,2.5188276,1.9576697,0.6500209,3.57521277,-0.6878849,1.8688067,3.2274545,3.1688485,9.97151577
E1,27,Control,A,17.5,1.5,17.5,16.5,17.5,17.5,0.8405011,0.9804247,0.90888434,0.74211853,,-0.06838324,0.23830617,1.74938544,1.72254323,3.47192867
E1,27,Control,B,12.5,1.5,9.5,13.5,16.5,16.5,1.1467393,1.3023634,1.34235793,0.73901123,,-0.19561863,0.56335217,2.48909723,2.04137463,4.53047186
E1,27,Control,C,12.5,1.5,7.5,9.5,11.5,10.5,1.1545319,1.1973598,1.21872439,0.82037611,,-0.06419249,0.37698369,2.37325629,2.01773591,4.3909922
E1,27,Control,D,20.5,1.5,20.5,18.5,20.5,20.5,1.5956393,2.1644285,2.004942726,1.3004591,,-0.409303426,0.8639694,3.600582026,3.4648876,7.065469626
E1,27,PM,A,12.5,1.5,14.5,9.5,17.5,14.5,1.2682354,1.21580911,0.87277744,0.9513987,0.6505295,0.39545796,0.26441041,2.14101284,2.16720781,4.95875015
E1,27,PM,B,16.5,1.5,18.5,15.5,19.5,16.5,1.2684091,1.4933491,1.4832136,0.85389867,0.9816029,-0.2148045,0.63945043,2.7516227,2.34724777,6.08047337
E1,27,PM,C,11.5,1.5,17.5,16.5,18.5,11.5,1.0635805,1.458306,1.32462227,0.8784562,0.00121857,-0.26104177,0.5798498,2.38820277,2.3367622,4.72618354
E1,27,PM,D,19.5,1.5,19.5,17.5,19.5,19.5,1.5598755,1.9682544,1.9408997,1.2346171,1.21182051,-0.3810242,0.7336373,3.5007752,3.2028715,7.91546721
E1,28,Control,A,14,7,10,7,9,6,0.9655313,1.7164148,0.82007997,0.08893915,,0.14545133,1.62747565,1.78561127,1.80535395,3.59096522
E1,28,Control,B,11,11,8,6,9,8,1.4430961,1.7065526,0.8898941,0.98351842,,0.553202,0.72303418,2.3329902,2.69007102,5.02306122
E1,28,Control,C,15,8,12,10,7,10,1.7091867,2.076544,0.78179112,1.24022352,,0.92739558,0.83632048,2.49097782,3.31676752,5.80774534
E1,28,Control,D,13,11,13,10,11,9,1.5323043,2.0252789,0.771767999,1.0534453,,0.760536301,0.9718336,2.304072299,3.0787242,5.382796499
E1,28,PM,A,16,10,11,7,13,9,1.5189677,2.04404639,1.06534218,0.28001187,2.9114266,0.45362552,1.76403452,2.58430988,2.32405826,7.81979474
E1,28,PM,B,16,10,7,6,10,8,1.479824,2.2775823,1.2038619,1.00763412,1.4574414,0.2759621,1.26994818,2.6836859,3.28521642,7.42634372
E1,28,PM,C,15,7,12,9,12,10,1.3412858,2.020864,0.9399707,-0.02418303,1.84151537,0.4013151,2.04504703,2.2812565,1.99668097,6.11945284
E1,28,PM,D,17,11,15,13,13,11,2.072989,1.6756686,0.906189,1.6670064,2.12174333,1.1668,0.0086622,2.979178,3.342675,8.44359633
E1,29,Control,A,12.5,4.5,12.5,13.5,13.5,11.5,0.9190855,1.2452101,0.90323284,0.54715081,,0.01585266,0.69805929,1.82231834,1.79236091,3.61467925
E1,29,Control,B,13.5,4.5,13.5,15,13.5,11.5,1.1539558,1.2419707,0.9575033,0.48030252,,0.1964525,0.76166818,2.1114591,1.72227322,3.83373232
E1,29,Control,C,11.5,4.5,6.5,10.5,11.5,5.5,0.7864838,1.3133792,0.78437664,-0.10324127,,0.00210716,1.41662047,1.57086044,1.21013793,2.78099837
E1,29,Control,D,17.5,6.5,19.5,16.5,15.5,18.5,1.7197681,1.7819742,1.853868121,1.4601885,,-0.134100021,0.3217857,3.573636221,3.2421627,6.815798921
E1,29,PM,A,15.5,1.5,19.5,15.5,16.5,14.5,1.175722,1.5696842,1.35385183,0.81959617,2.2711345,-0.17812983,0.75008803,2.52957383,2.38928037,7.1899887
E1,29,PM,B,15,4.5,11.5,14.5,14.5,11.5,1.1707687,1.6760619,1.3638147,1.05297144,2.6893251,-0.193046,0.62309046,2.5345834,2.72903334,7.95294184
E1,29,PM,C,13.5,4.5,6.5,11.5,12.5,7.5,1.2698399,1.551642,1.19561771,0.79660053,2.90279405,0.07422219,0.75504147,2.46545761,2.34824253,7.71649419
E1,29,PM,D,18.5,6.5,20.5,16.5,15.5,18.5,1.4181917,1.8915612,1.9107423,1.2859493,1.45355451,-0.4925506,0.6056119,3.328934,3.1775105,7.95999901
E1,30,Control,A,17,2,6,15,18,17,-0.2901633,-1.2327943,-1.434031,-2.27211698,,1.1438677,1.03932268,-1.7241943,-3.50491128,-5.22910558
E1,30,Control,B,15,2,18,13,13,17,0.569367,-0.6964824,-2.30378738,0.08213166,,2.87315438,-0.77861406,-1.73442038,-0.61435074,-2.34877112
E1,30,Control,C,15,2,9.5,13,11,11,0.8072967,0.3766801,-2.02672937,0.03507953,,2.83402607,0.34160057,-1.21943267,0.41175963,-0.80767304
E1,30,Control,D,11,2.5,18,11,14,14,0.2023161,0.2796355,-0.744132259,-0.5792881,,0.946448359,0.8589236,-0.541816159,-0.2996526,-0.841468759
E1,30,PM,A,16,2,15,13.5,11,14,0.2639315,0.04593332,-0.78882141,-1.04709259,2.7952521,1.05275291,1.09302591,-0.52488991,-1.00115927,1.26920292
E1,30,PM,B,14.5,2,8,11,11,11,1.7757739,-0.6243578,-0.9526444,2.07743288,2.3654141,2.7284183,-2.70179068,0.8231295,1.45307508,4.64161868
E1,30,PM,C,13.5,2.5,11,11,14.5,13,1.3401826,-1.245836,-1.1909051,0.75107207,1.12266761,2.5310877,-1.99690807,0.1492775,-0.49476393,0.77718118
E1,30,PM,D,13,2.5,18,18,7.5,11,0.5168503,0.8502054,1.175149,0.9922277,2.43965689,-0.6582987,-0.1420223,1.6919993,1.8424331,5.97408929
E1,31,Control,A,20.5,9.5,14.5,3.5,20.5,4.5,0.7247949,2.2801095,1.01366225,-1.47753803,,-0.28886735,3.75764753,1.73845715,0.80257147,2.54102862
E1,31,Control,B,20.5,5.5,13.5,3.5,1.5,1.5,1.0502048,2.6706305,1.32933181,-0.23761281,,-0.27912701,2.90824331,2.37953661,2.43301769,4.8125543
E1,31,Control,C,20.5,14.5,17.5,2.5,20.5,4.5,0.9567929,2.4123432,0.90102099,-1.32358407,,0.05577191,3.73592727,1.85781389,1.08875913,2.94657302
E1,31,Control,D,20.5,17.5,16.5,1.5,18.5,3.5,1.7015318,3.7498708,1.572342227,1.4434598,,0.129189573,2.306411,3.273874027,5.1933306,8.467204627
E1,31,PM,A,20.5,13.5,15.5,4.5,20.5,3.5,0.7565998,1.96384344,1.175211,-1.0873142,1.5576765,-0.4186112,3.05115764,1.9318108,0.87652924,4.36601654
E1,31,PM,B,20,5.5,10.5,2.5,20.5,1.5,1.5030241,2.6885796,1.391898,0.43005686,-0.5134458,0.1111261,2.25852274,2.8949221,3.11863646,5.50011276
E1,31,PM,C,20.5,17.5,18.5,4.5,20.5,4.5,0.6892598,1.488894,0.95182279,-1.72586541,1.34158261,-0.26256299,3.21475941,1.64108259,-0.23697141,2.74569379
E1,31,PM,D,20.5,20.5,16.5,6.5,20.5,5.5,1.407918,2.3868313,1.754178,0.5145543,1.90753368,-0.34626,1.872277,3.162096,2.9013856,7.97101528
E1,32,Control,A,2,1,1,5,2,1,0.8597,1.9624622,0.87214361,0.24458911,,-0.01244361,1.71787309,1.73184361,2.20705131,3.93889492
E1,32,Control,B,2,1,5,6,5,1,1.1157162,1.6086172,0.75231642,0.98885083,,0.36339978,0.61976637,1.86803262,2.59746803,4.46550065
E1,32,Control,C,1,1,1,5,2,1,0.9137965,1.8069583,-0.57489177,-0.21805254,,1.48868827,2.02501084,0.33890473,1.58890576,1.92781049
E1,32,Control,D,2,1,6,8,5,1,1.4616487,2.1148527,0.789931042,0.5725425,,0.671717658,1.5423102,2.251579742,2.6873952,4.938974942
E1,32,PM,A,2,1,2,6,3,1,1.1261642,1.70529054,0.93584108,1.11320971,3.2299389,0.19032312,0.59208083,2.06200528,2.81850025,8.11044443
E1,32,PM,B,4,1,14,8,9,1,1.3483595,1.8857739,1.1257743,0.99548688,3.3784267,0.2225852,0.89028702,2.4741338,2.88126078,8.73382128
E1,32,PM,C,4,1,1,5,4,1,0.9607839,1.809256,-0.06978483,0.31972708,1.08978265,1.03056873,1.48952892,0.89099907,2.12898308,4.1097648
E1,32,PM,D,3,1,13,11,9,1,1.5840261,2.2698702,0.765292,0.6200351,2.1271813,0.8187341,1.6498351,2.3493181,2.8899053,7.3664047
E1,33,Control,A,14,10,6,9,10,14,1.4884934,1.6921794,0.97774957,0.66270879,,0.51074383,1.02947061,2.46624297,2.35488819,4.82113116
E1,33,Control,B,10,12,11,11,12,13,1.2373723,1.5645077,1.4690013,1.31002411,,-0.231629,0.25448359,2.7063736,2.87453181,5.58090541
E1,33,Control,C,10,12,11,11,13,14,1.6520185,1.4528692,1.05403282,1.61070721,,0.59798568,-0.15783801,2.70605132,3.06357641,5.76962773
E1,33,Control,D,9,9,14,13,8,9,2.3228141,2.0072714,1.032761075,2.1866938,,1.290053025,-0.1794224,3.355575175,4.1939652,7.549540375
E1,33,PM,A,13,12,10,12,12,13,1.7930358,1.28618122,0.95319817,1.59996513,1.7018657,0.83983763,-0.31378391,2.74623397,2.88614635,7.33424602
E1,33,PM,B,16,14,15,16,18,16,1.3866918,1.2456845,0.8560824,1.18340457,-1.5685621,0.5306094,0.06227993,2.2427742,2.42908907,3.10330117
E1,33,PM,C,12,14,12,11,10,10,1.5205174,1.281063,0.87864696,1.31135706,1.11023197,0.64187044,-0.03029406,2.39916436,2.59242006,6.10181639
E1,33,PM,D,13,8,14,8,14,10,1.7140195,1.6007327,1.5235128,1.3790701,1.7120716,0.1905067,0.2216626,3.2375323,2.9798028,7.9294067
E1,34,Control,A,7,1,10,2,10,7,1.2214315,1.4053369,0.32173331,-1.84804225,,0.89969819,3.25337915,1.54316481,-0.44270535,1.10045946
E1,34,Control,B,13,1,16,4,16,11,1.03346,1.4245465,0.39149982,-0.44447852,,0.64196018,1.86902502,1.42495982,0.98006798,2.4050278
E1,34,Control,C,14,1,12,3,14,11,1.1523113,1.6359462,0.19559766,-1.73628611,,0.95671364,3.37223231,1.34790896,-0.10033991,1.24756905
E1,34,Control,D,16,1,17,7,19,13,1.2949845,1.8088073,0.941603594,0.4141528,,0.353380906,1.3946545,2.236588094,2.2229601,4.459548194
E1,34,PM,A,10,1,11,3,13,7,1.2508029,1.38435258,0.3094448,0.17843313,2.0797792,0.9413581,1.20591945,1.5602477,1.56278571,5.20281261
E1,34,PM,B,15,1,20,6,19,13,1.880608,1.5149693,0.7089097,1.20635928,0.9036767,1.1716983,0.30861002,2.5895177,2.72132858,6.21452298
E1,34,PM,C,17,1,16,5,19,15,1.2979635,1.588052,0.52040679,0.55279089,2.38988126,0.77755671,1.03526111,1.81837029,2.14084289,6.34909444
E1,34,PM,D,20,1,20,11,20,18,1.7731772,2.2215813,1.3629108,1.2033534,2.67988971,0.4102664,1.0182279,3.136088,3.4249347,9.24091241
E1,35,Control,A,12,3,8,6,10.5,9,1.2552344,1.2288507,0.79373209,-1.32214319,,0.46150231,2.55099389,2.04896649,-0.09329249,1.955674
E1,35,Control,B,11.5,3,12.5,13,14.5,10.5,1.1869486,1.331353,0.90344582,-0.46108441,,0.28350278,1.79243741,2.09039442,0.87026859,2.96066301
E1,35,Control,C,8,2.5,5,6,7,6,1.1782637,1.2103869,0.59216929,-1.02364662,,0.58609441,2.23403352,1.77043299,0.18674028,1.95717327
E1,35,Control,D,13.5,3.5,13.5,10,14,12,1.9443937,2.1820124,1.609451389,0.5634901,,0.334942311,1.6185223,3.553845089,2.7455025,6.299347589
E1,35,PM,A,12,3,6,5,12,8,1.2415615,1.33418429,0.89071626,-2.38769026,2.7483764,0.35084524,3.72187455,2.13227776,-1.05350597,3.82714819
E1,35,PM,B,18,3.5,13.5,11,19,13,1.0759343,1.3551903,1.1069299,-1.0227278,1.319236,-0.0309956,2.3779181,2.1828642,0.3324625,3.8345627
E1,35,PM,C,10.5,3,6,9,8,13,1.03108,1.504647,0.95953428,-1.22221128,2.93398942,0.07154572,2.72685828,1.99061428,0.28243572,5.20703942
E1,35,PM,D,19,5.5,19,7,20,14,2.4227318,2.1603852,1.6144979,1.2990827,2.49756032,0.8082339,0.8613025,4.0372297,3.4594679,9.99425792
E1,36,Control,A,10.5,9.5,10.5,13,13.5,9.5,1.1399254,1.7865316,1.25514953,-0.36381166,,-0.11522413,2.15034326,2.39507493,1.42271994,3.81779487
E1,36,Control,B,15.5,14.5,16.5,16.5,16.5,15.5,1.0497313,1.7722417,1.1519127,-0.54588546,,-0.1021814,2.31812716,2.201644,1.22635624,3.42800024
E1,36,Control,C,12.5,11.5,14.5,9.5,9.5,13.5,1.2021211,1.3955381,1.10664442,0.25786126,,0.09547668,1.13767684,2.30876552,1.65339936,3.96216488
E1,36,Control,D,14.5,14.5,17.5,13.5,16.5,18.5,1.0782814,2.1500905,1.861446162,0.2375352,,-0.783164762,1.9125553,2.939727562,2.3876257,5.327353262
E1,36,PM,A,10.5,9.5,9.5,12.5,10.5,12.5,1.2970009,1.52995712,1.14023682,0.04471896,3.4581429,0.15676408,1.48523816,2.43723772,1.57467608,7.4700567
E1,36,PM,B,17.5,13.5,19.5,11.5,19.5,16.5,1.2938464,1.3741749,1.0010231,0.15915967,2.2582989,0.2928233,1.21501523,2.2948695,1.53333457,6.08650297
E1,36,PM,C,13.5,12.5,12.5,17,13.5,11.5,1.1056598,1.428954,1.11228481,-0.04200175,1.92679695,-0.00662501,1.47095575,2.21794461,1.38695225,5.53169381
E1,36,PM,D,14.5,13.5,16.5,11.5,15.5,19.5,1.3011371,2.0212599,1.6842162,0.3267353,0.17259814,-0.3830791,1.6945246,2.9853533,2.3479952,5.50594664
E1,37,Control,A,20,11,14,11,17,14,1.1856794,1.3283886,0.69923151,0.49308953,,0.48644789,0.83529907,1.88491091,1.82147813,3.70638904
E1,37,Control,B,16,11,16,11,17,14,1.7333163,1.5136608,0.43333968,0.64042661,,1.29997662,0.87323419,2.16665598,2.15408741,4.32074339
E1,37,Control,C,21,11,21,11,11,14,1.3313515,1.2881995,0.78741006,1.05282428,,0.54394144,0.23537522,2.11876156,2.34102378,4.45978534
E1,37,Control,D,21,11,21,11,21,14,1.8170979,1.98262,1.155102835,0.932893,,0.661995065,1.049727,2.972200735,2.915513,5.887713735
E1,37,PM,A,21,11,14,11,14,14,1.5490983,1.29064727,0.61159647,0.8187523,1.5861267,0.93750183,0.47189497,2.16069477,2.10939957,5.85622104
E1,37,PM,B,21,11,18,11,18,14,1.746668,1.6454437,0.8014423,0.80635727,0.3569935,0.9452257,0.83908643,2.5481103,2.45180097,5.35690477
E1,37,PM,C,21,11,20.5,11,21,14,1.2316451,1.183109,0.70380471,0.76839526,-0.34247271,0.52784039,0.41471374,1.93544981,1.95150426,3.54448136
E1,37,PM,D,21,11,21,11,21,16,2.4633098,1.8468531,1.2505026,1.5718295,3.98662093,1.2128072,0.2750236,3.7138124,3.4186826,11.11911593
E1,38,Control,A,9,7,7,14,11,6,0.5651238,1.1849281,0.36094042,-2.25930173,,0.20418338,3.44422983,0.92606422,-1.07437363,-0.14830941
E1,38,Control,B,9,7,7,12,9,6,1.0673328,1.8269423,0.70861945,-0.1398262,,0.35871335,1.9667685,1.77595225,1.6871161,3.46306835
E1,38,Control,C,6,5,5,16,6,6,1.0029625,1.3331463,0.31692546,-0.28852538,,0.68603704,1.62167168,1.31988796,1.04462092,2.36450888
E1,38,Control,D,6,6,14,11,8,6,1.1454769,1.6223541,0.341943652,0.5044561,,0.803533248,1.117898,1.487420552,2.1268102,3.614230752
E1,38,PM,A,14,10,7,12,14,9,1.0176753,1.4418091,0.60208337,-1.25472325,1.9963344,0.41559193,2.69653235,1.61975867,0.18708585,3.80317892
E1,38,PM,B,11,8,12,13,10,7,1.3318892,1.8294409,0.8109444,0.50627892,2.4721031,0.5209448,1.32316198,2.1428336,2.33571982,6.95065652
E1,38,PM,C,13,6,7,7,8,6,1.222776,1.812428,0.96844986,-1.06849471,1.23322728,0.25432614,2.88092271,2.19122586,0.74393329,4.16838643
E1,38,PM,D,14,11,18,10,11,7,0.9758403,1.5265598,0.7585483,0.3728875,1.46993082,0.217292,1.1536723,1.7343886,1.8994473,5.10376672
E1,39,Control,A,13,2,11,10,14,9,1.6452575,1.2845612,-0.8679211,-0.32182218,,2.5131786,1.60638338,0.7773364,0.96273902,1.74007542
E1,39,Control,B,14,3,17,12,13,13,1.4927404,1.2350116,-1.08748194,-0.03075303,,2.58022234,1.26576463,0.40525846,1.20425857,1.60951703
E1,39,Control,C,13,4,15,11,13,11,1.1375023,1.2083287,-1.35029533,-1.35247881,,2.48779763,2.56080751,-0.21279303,-0.14415011,-0.35694314
E1,39,Control,D,15,4,18,16,14,14,2.0388307,1.7384917,1.070718222,1.236116,,0.968112478,0.5023757,3.109548922,2.9746077,6.084156622
E1,39,PM,A,17,4,12,11,14,15,1.4809545,1.22761849,-0.88265908,-0.58671821,1.5458282,2.36361358,1.8143367,0.59829542,0.64090028,2.7850239
E1,39,PM,B,16,5,17,14,14,13,1.6831163,1.6969837,0.2666388,0.03790896,1.9787274,1.4164775,1.65907474,1.9497551,1.73489266,5.66337516
E1,39,PM,C,17,4,15,12,13,11,1.1906812,1.314305,0.09684694,-0.29375395,0.32851459,1.09383426,1.60805895,1.28752814,1.02055105,2.63659378
E1,39,PM,D,18,7,20,16,15,15,1.5954202,1.6682626,0.8098056,0.4702739,1.92916295,0.7856146,1.1979887,2.4052258,2.1385365,6.47292525
E1,40,Control,A,10,1,5,13,13,13,0.6826021,1.7179518,1.06276864,0.10617435,,-0.38016654,1.61177745,1.74537074,1.82412615,3.56949689
E1,40,Control,B,14,1,12,13,13,15,1.1840355,1.6524292,0.9124096,0.16602954,,0.2716259,1.48639966,2.0964451,1.81845874,3.91490384
E1,40,Control,C,16,1,14,13,13,14,1.1785944,1.7805531,0.57383915,0.13542209,,0.60475525,1.64513101,1.75243355,1.91597519,3.66840874
E1,40,Control,D,17,1,16,15,16,16,2.0583208,1.4818279,0.83545983,0.7866776,,1.22286097,0.6951503,2.89378063,2.2685055,5.16228613
E1,40,PM,A,11,1,6,14,10,12,1.516187,2.13551796,1.23574638,0.56498142,2.156707,0.28044062,1.57053654,2.75193338,2.70049938,7.60913976
E1,40,PM,B,15,1,12,14,15,14,1.77476,2.0018012,1.3178406,0.90407925,2.8237368,0.4569194,1.09772195,3.0926006,2.90588045,8.82221785
E1,40,PM,C,19,1,10,8,13,17,1.5999927,1.88228,1.21626087,0.35668243,2.00965874,0.38373183,1.52559757,2.81625357,2.23896243,7.06487474
E1,40,PM,D,19,1,21,19,19,19,1.7300105,2.3378603,1.4329572,0.9695711,2.53148342,0.2970533,1.3682892,3.1629677,3.3074314,9.00188252
E1,41,Control,A,12,2,9,9,12,5,0.9261613,1.1115183,0.41956087,0.22329185,,0.50660043,0.88822645,1.34572217,1.33481015,2.68053232
E1,41,Control,B,13,3,13,9,12,8,0.958299,1.6577144,0.87312875,-0.63230978,,0.08517025,2.29002418,1.83142775,1.02540462,2.85683237
E1,41,Control,C,6,2,15,6,17,2,1.1012874,1.5042541,0.9774281,0.61703659,,0.1238593,0.88721751,2.0787155,2.12129069,4.20000619
E1,41,Control,D,14,2,13,9,13,6,1.4662728,1.6075479,1.485420785,0.9626158,,-0.019147985,0.6449321,2.951693585,2.5701637,5.521857285
E1,41,PM,A,12,2,10,7,12,5,0.9452914,1.27156335,0.43632962,0.27494203,-0.4812037,0.50896178,0.99662132,1.38162102,1.54650538,2.4469227
E1,41,PM,B,8,3,15,10,12,9,1.1248065,1.4301638,0.847546,0.54557112,-0.5587563,0.2772605,0.88459268,1.9723525,1.97573492,3.38933112
E1,41,PM,C,13,3,16,5,14,2,0.9965083,1.263912,0.72150726,0.35245012,0.07764128,0.27500104,0.91146188,1.71801556,1.61636212,3.41201896
E1,41,PM,D,13,2,10,7,14,5,1.21013,2.103052,1.5981161,0.589767,-0.04310672,-0.3879861,1.513285,2.8082461,2.692819,5.45795838
E1,42,Control,A,7.5,8,9,13,9.5,9.5,0.7037566,1.3119347,1.17169726,-1.43976229,,-0.46794066,2.75169699,1.87545386,-0.12782759,1.74762627
E1,42,Control,B,9.5,8.5,8,12.5,9.5,10,0.7640348,1.1925141,0.8900086,0.39933052,,-0.1259738,0.79318358,1.6540434,1.59184462,3.24588802
E1,42,Control,C,13.5,4.5,13.5,11,13.5,14.5,1.0142315,1.2908972,1.02043699,0.82534195,,-0.00620549,0.46555525,2.03466849,2.11623915,4.15090764
E1,42,Control,D,15,8,14.5,14.5,12,18,1.8369796,1.5738584,1.513933922,1.221319,,0.323045678,0.3525394,3.350913522,2.7951774,6.146090922
E1,42,PM,A,9.5,9.5,9,13,9.5,9.5,0.8180253,1.71348472,1.1339673,0.5386906,2.4418043,-0.315942,1.17479412,1.9519926,2.25217532,6.64597222
E1,42,PM,B,12,8,9.5,17,15.5,15.5,1.2713922,1.6125804,1.3116401,1.04645924,1.8602137,-0.0402479,0.56612116,2.5830323,2.65903964,7.10228564
E1,42,PM,C,14.5,1.5,14.5,12.5,14.5,13.5,1.3528514,1.572907,1.08542027,0.89296705,1.97545886,0.26743113,0.67993995,2.43827167,2.46587405,6.87960458
E1,42,PM,D,16,11.5,16.5,16.5,14.5,15.5,1.8407974,2.0478371,1.4321559,1.5137934,1.7067811,0.4086415,0.5340437,3.2729533,3.5616305,8.5413649
E1,43,Control,A,13.5,15.5,12.5,14.5,14.5,11.5,1.524127,1.3139052,1.20387921,1.09612267,,0.32024779,0.21778253,2.72800621,2.41002787,5.13803408
E1,43,Control,B,14.5,11.5,10.5,13.5,12.5,10.5,1.5443359,1.3824156,1.38820762,1.37284809,,0.15612828,0.00956751,2.93254352,2.75526369,5.68780721
E1,43,Control,C,13.5,9.5,9.5,15.5,10.5,8.5,0.8955562,1.2402926,1.07777436,0.69332081,,-0.18221816,0.54697179,1.97333056,1.93361341,3.90694397
E1,43,Control,D,14.5,11.5,12.5,14.5,11.5,11.5,1.3798779,1.4735368,1.339460231,1.0120573,,0.040417669,0.4614795,2.719338131,2.4855941,5.204932231
E1,43,PM,A,17.5,15.5,12.5,14.5,16.5,11.5,1.3985964,1.87926342,1.65383533,1.13284439,4.4655979,-0.25523893,0.74641903,3.05243173,3.01210781,10.53013744
E1,43,PM,B,16.5,17.5,17.5,16.5,17.5,13.5,1.8000305,1.9983674,1.7463426,1.56779439,3.6057859,0.0536879,0.43057301,3.5463731,3.56616179,10.71832079
E1,43,PM,C,14.5,14.5,10.5,15.5,10.5,8.5,1.5516714,1.68062,1.44888397,1.24304793,3.25590445,0.10278743,0.43757207,3.00055537,2.92366793,9.18012775
E1,43,PM,D,17.5,11.5,16.5,13.5,15.5,13.5,1.4700581,1.854879,1.7009314,1.487031,1.89747836,-0.2308733,0.367848,3.1709895,3.34191,8.41037786
E1,44,Control,A,2,1,1,5,2,2,1.1777587,1.9385802,-0.04151833,-2.00631695,,1.21927703,3.94489715,1.13624037,-0.06773675,1.06850362
E1,44,Control,B,4,2,2,6,8,7,0.9157843,1.3756255,-0.39399681,-1.37050924,,1.30978111,2.74613474,0.52178749,0.00511626,0.52690375
E1,44,Control,C,2,1,4,4,2,5,0.9816762,2.3335041,-0.12689971,-1.9028482,,1.10857591,4.2363523,0.85477649,0.4306559,1.28543239
E1,44,Control,D,12,2,11,15,16,6,1.7602121,2.2525366,0.382872047,0.6875436,,1.377340053,1.564993,2.143084147,2.9400802,5.083164347
E1,44,PM,A,6,1,1,16,7,3,1.359313,2.06364834,-0.31224553,-1.14054169,3.5797831,1.67155853,3.20419003,1.04706747,0.92310665,5.54995722
E1,44,PM,B,10,4,14,10,12,9.5,1.0812024,1.8824613,0.2166296,-0.7686391,4.4690202,0.8645728,2.6511004,1.297832,1.1138222,6.8806744
E1,44,PM,C,4,1,6,5,8,6,1.14107,1.746684,-0.34088764,-1.16229451,4.13658253,1.48195764,2.90897851,0.80018236,0.58438949,5.52115438
E1,44,PM,D,16,4,19,11,18,13,2.2957938,2.3713314,1.4784003,1.6699389,2.52293331,0.8173935,0.7013925,3.7741941,4.0412703,10.33839771
E1,45,Control,A,5,5,7,12,9,2,0.8668783,1.3285555,0.87873558,-0.68398393,,-0.01185728,2.01253943,1.74561388,0.64457157,2.39018545
E1,45,Control,B,9,9,9,10,12,5,1.5380363,1.4036135,0.60966861,-1.2993203,,0.92836769,2.7029338,2.14770491,0.1042932,2.25199811
E1,45,Control,C,2,3,8,9,4,1,1.0954237,1.5088361,0.66152146,-0.38392623,,0.43390224,1.89276233,1.75694516,1.12490987,2.88185503
E1,45,Control,D,11,2,15,10,12,3,1.4007375,2.1774536,1.495476309,-0.3390093,,-0.094738809,2.5164629,2.896213809,1.8384443,4.734658109
E1,45,PM,A,6,7,7,13,10,2,0.8529629,1.74555638,1.16750094,-0.92049412,2.3989024,-0.31453804,2.6660505,2.02046384,0.82506226,5.2444285
E1,45,PM,B,11,10,12,12,12,5,0.9503495,1.6684919,1.2261392,-0.69601441,2.3943094,-0.2757897,2.36450631,2.1764887,0.97247749,5.54327559
E1,45,PM,C,5,5,12,12,7,3,1.0646486,1.760511,1.00241947,-0.26218726,2.43786593,0.06222913,2.02269826,2.06706807,1.49832374,6.00325774
E1,45,PM,D,13,2,21,19,15,6,1.1161528,1.5403857,1.2050336,0.6515681,0.60146039,-0.0888808,0.8888176,2.3211864,2.1919538,5.11460059
E1,46,Control,A,3,2,2,5,2,2,0.7538672,1.7104361,-1.51142052,-0.67888468,,2.26528772,2.38932078,-0.75755332,1.03155142,0.2739981
E1,46,Control,B,9,2,5,8,6,3,1.1604363,1.771389,-0.32715371,0.0941252,,1.48759001,1.6772638,0.83328259,1.8655142,2.69879679
E1,46,Control,C,6,2,7,9,3,2,0.7223495,1.5779851,-1.26774248,0.20954545,,1.99009198,1.36843965,-0.54539298,1.78753055,1.24213757
E1,46,Control,D,12,2,12,7,13,5,1.6012668,2.410622,0.900708808,1.504823,,0.700557992,0.905799,2.501975608,3.915445,6.417420608
E1,46,PM,A,4,2,2,16,3,2,1.3283175,2.1612997,0.58472525,0.84834364,3.5448684,0.74359225,1.31295606,1.91304275,3.00964334,8.46755449
E1,46,PM,B,11,2,8,11,4,3,1.4460484,2.2108766,0.3762124,1.02055039,1.988055,1.069836,1.19032621,1.8222608,3.23142699,7.04174279
E1,46,PM,C,10,2,6,6,8,4,1.3437832,1.865877,-0.41080746,0.96039931,3.51334963,1.75459066,0.90547769,0.93297574,2.82627631,7.27260168
E1,46,PM,D,15,3,20,11,16,8,1.5947294,2.4777559,1.3618381,0.9849151,0.83268291,0.2328913,1.4928408,2.9565675,3.462671,7.25192141
E1,47,Control,A,2,2,2,18,6,2,1.5515436,1.4546106,-0.6481655,1.22971288,,2.1997091,0.22489772,0.9033781,2.68432348,3.58770158
E1,47,Control,B,6,4,9,16.5,7,4,1.27473,1.2248294,-0.13128679,0.13451642,,1.40601679,1.09031298,1.14344321,1.35934582,2.50278903
E1,47,Control,C,3,3,3,18,4,4,1.2919817,1.5237191,0.22159842,0.26444794,,1.07038328,1.25927116,1.51358012,1.78816704,3.30174716
E1,47,Control,D,11,5,7,13,13,8,1.5642188,1.8586541,1.351940178,0.415625,,0.212278622,1.4430291,2.916158978,2.2742791,5.190438078
E1,47,PM,A,4,3.5,2,17,3,2,1.556857,2.01864531,0.93740314,0.79372688,3.2739513,0.61945386,1.22491843,2.49426014,2.81237219,8.58058363
E1,47,PM,B,7,3,7,16,5,2.5,1.6160648,1.9343969,0.9634741,0.69877067,2.7827119,0.6525907,1.23562623,2.5795389,2.63316757,7.99541837
E1,47,PM,C,7,5,2,14,7,4,1.8661807,2.126898,1.41181844,1.05575843,2.64961094,0.45436226,1.07113957,3.27799914,3.18265643,9.11026651
E1,47,PM,D,19,9,20,11,17,17,1.1299589,1.8683242,1.1913441,0.7397816,1.96740212,-0.0613852,1.1285426,2.321303,2.6081058,6.89681092
E1,48,Control,A,13,13,7,6,13,13,1.0751709,1.5547022,0.87056266,0.57467773,,0.20460824,0.98002447,1.94573356,2.12937993,4.07511349
E1,48,Control,B,13,14,13,9,16,16,1.1403864,1.4685789,0.78863214,-0.92473301,,0.35175426,2.39331191,1.92901854,0.54384589,2.47286443
E1,48,Control,C,14,12,11,10,16,14,0.8592101,1.4600549,0.86294891,0.48317995,,-0.00373881,0.97687495,1.72215901,1.94323485,3.66539386
E1,48,Control,D,16,16,16,15,18,16,1.4114449,1.4832876,1.388408136,1.1109667,,0.023036764,0.3723209,2.799853036,2.5942543,5.394107336
E1,48,PM,A,14,14,6,6,15,14,1.2763777,1.58469803,1.02907567,0.86420861,3.8112942,0.24730203,0.72048942,2.30545337,2.44890664,8.56565421
E1,48,PM,B,17,14,16,7,17,17,1.3268115,1.6242022,1.2892391,1.08929109,2.7003875,0.0375724,0.53491111,2.6160506,2.71349329,8.02993139
E1,48,PM,C,14,12,9,10,16,15,1.3899528,1.683736,1.30180475,1.06429819,1.94642093,0.08814805,0.61943781,2.69175755,2.74803419,7.38621267
E1,48,PM,D,20,12,16,18,19,15,1.5835657,1.4043371,1.4396711,1.3904021,1.8536878,0.1438946,0.013935,3.0232368,2.7947392,7.6716638
